Class,Mean_Dice,Mean_IoU
overall,0.7685164462575776,0.6655394011577038
