Class,Mean_Dice,Mean_IoU
overall,0.8173274107582044,0.7215000201229452
