Class,Mean_Dice,Mean_IoU
glioma,0.21507458611788033,0.18589183374276727
meningioma,0.0,0.0
pituitary,0.0,0.0
overall,0.8179826131439969,0.7224667674251861
