Class,Mean_Dice,Mean_IoU
overall,0.782211057698698,0.6738308687341296
