Class,Mean_Dice,Mean_IoU
overall,0.8009110446412957,0.6977859458442082
